listing_id,seller_id,category,price,rating,in_stock
1,241,Electronics,71.5,3.91,1
2,45,Beauty,64.5,4.73,1
3,45,Toys,32.68,4.46,1
4,6,Beauty,45.93,4.14,1
5,32,Electronics,26.05,4.21,1
6,176,Home,20.63,3.79,0
7,289,Sports,6.0,4.79,1
8,149,Toys,37.78,4.7,1
9,256,Home,56.26,5.0,1
10,131,Electronics,35.19,3.68,1
11,62,Toys,23.55,3.6,1
12,94,Beauty,20.97,4.31,1
13,53,Electronics,36.43,4.18,1
14,200,Home,32.91,4.36,1
15,288,Beauty,61.99,4.13,1
16,229,Toys,46.75,4.87,1
17,27,Toys,49.21,3.73,1
18,22,Toys,16.91,3.78,1
19,278,Electronics,34.48,4.18,1
20,211,Sports,67.7,4.42,1
21,81,Electronics,33.45,4.52,1
22,186,Beauty,57.52,3.67,1
23,214,Beauty,35.81,4.52,1
24,175,Sports,20.43,3.79,1
25,223,Home,53.92,3.94,1
26,236,Home,53.66,4.37,1
27,121,Sports,33.82,3.93,1
28,97,Home,18.0,4.41,1
29,21,Sports,54.8,3.7,1
30,115,Sports,20.22,4.14,1
31,79,Sports,12.63,5.0,1
32,137,Sports,44.87,4.51,1
33,95,Beauty,38.36,4.15,1
34,310,Sports,14.5,3.78,1
35,89,Beauty,75.43,4.03,1
36,92,Beauty,60.24,4.65,0
37,79,Beauty,53.04,4.03,1
38,189,Home,54.04,3.51,1
39,219,Home,71.43,3.55,1
40,223,Home,67.88,3.68,1
41,125,Toys,77.37,4.67,1
42,165,Home,73.92,4.41,1
43,246,Home,48.31,3.95,1
44,194,Electronics,76.63,4.48,1
45,59,Beauty,56.8,4.9,0
46,239,Home,26.29,4.75,1
47,182,Sports,49.9,4.02,1
48,110,Beauty,46.6,4.16,0
49,287,Home,84.78,4.26,1
50,82,Toys,34.11,4.72,1
51,140,Electronics,38.19,4.6,1
52,102,Sports,10.82,4.64,1
53,272,Electronics,40.09,4.24,1
54,125,Sports,45.55,3.78,1
55,306,Sports,12.89,3.63,0
56,36,Sports,6.0,4.64,1
57,46,Home,8.74,3.69,1
58,308,Beauty,55.32,3.34,0
59,205,Home,71.78,4.3,1
60,302,Sports,87.02,3.91,1
61,147,Sports,46.18,4.19,0
62,162,Sports,66.93,4.44,1
63,172,Sports,67.37,4.34,1
64,73,Beauty,63.85,4.07,0
65,244,Home,56.96,3.92,0
66,88,Beauty,41.32,4.64,1
67,192,Beauty,6.57,4.1,1
68,40,Sports,38.72,4.67,1
69,301,Beauty,27.01,4.53,1
70,277,Toys,58.36,3.89,1
71,86,Electronics,35.8,5.0,1
72,175,Beauty,8.49,4.03,1
73,301,Beauty,6.0,4.25,1
74,283,Toys,22.09,4.38,0
75,198,Electronics,32.27,3.91,1
76,88,Toys,61.6,3.8,1
77,170,Home,23.48,4.71,1
78,92,Home,58.93,4.1,1
79,138,Home,39.57,4.69,1
80,247,Beauty,33.43,5.0,1
81,112,Sports,47.73,4.05,1
82,68,Beauty,66.31,3.96,1
83,247,Toys,30.64,4.42,1
84,59,Beauty,51.07,3.77,0
85,150,Beauty,60.22,4.51,1
86,149,Electronics,19.55,4.67,1
87,268,Electronics,32.6,4.5,1
88,310,Home,32.34,5.0,1
89,157,Electronics,36.32,3.78,1
90,134,Home,70.2,4.26,1
91,274,Sports,39.02,3.48,1
92,11,Electronics,44.51,4.38,0
93,76,Home,47.2,3.59,1
94,160,Toys,62.44,3.71,0
95,100,Electronics,6.0,4.2,1
96,187,Home,61.66,3.7,1
97,82,Home,56.82,4.69,0
98,12,Electronics,20.49,4.8,1
99,296,Sports,23.19,4.11,1
100,43,Toys,62.1,4.26,1
101,199,Beauty,11.94,3.19,1
102,227,Home,39.0,4.29,1
103,32,Sports,71.89,4.45,1
104,12,Toys,52.46,4.9,1
105,178,Home,20.78,5.0,1
106,248,Beauty,15.29,4.47,0
107,120,Beauty,14.12,4.38,1
108,15,Toys,19.96,4.13,1
109,147,Home,6.0,4.49,1
110,222,Electronics,40.06,4.2,0
111,286,Sports,26.22,4.87,0
112,208,Toys,38.02,4.9,1
113,250,Electronics,45.45,4.33,1
114,11,Toys,11.79,4.27,1
115,179,Electronics,30.61,4.11,1
116,275,Home,41.14,4.53,1
117,218,Electronics,6.0,4.96,1
118,146,Electronics,65.4,4.09,1
119,245,Beauty,12.51,4.02,1
120,180,Beauty,28.55,4.22,1
121,303,Electronics,29.68,4.93,1
122,77,Home,61.14,4.63,1
123,273,Sports,15.53,3.33,1
124,35,Home,11.34,4.41,1
125,201,Home,43.31,4.47,1
126,131,Home,70.32,4.94,1
127,52,Beauty,6.0,4.43,1
128,204,Electronics,64.4,3.19,1
129,282,Toys,37.98,4.27,1
130,138,Sports,27.98,2.95,1
131,237,Electronics,15.9,4.55,1
132,128,Sports,53.05,3.85,1
133,129,Electronics,38.14,3.86,1
134,197,Beauty,51.87,3.81,1
135,43,Electronics,48.01,3.35,1
136,3,Electronics,6.0,3.52,0
137,165,Home,45.57,4.04,1
138,276,Electronics,27.33,4.48,1
139,97,Toys,30.41,5.0,1
140,196,Toys,26.86,4.43,1
141,100,Home,26.62,5.0,1
142,127,Toys,51.54,3.7,1
143,220,Sports,30.48,4.91,1
144,233,Sports,23.58,4.0,0
145,36,Sports,43.7,4.43,0
146,284,Sports,36.47,4.41,1
147,95,Sports,26.13,4.17,1
148,241,Home,21.44,3.86,1
149,202,Electronics,28.9,4.78,1
150,223,Beauty,28.2,4.56,1
151,98,Home,7.0,3.81,1
152,150,Electronics,6.0,4.34,1
153,38,Electronics,61.73,4.05,1
154,112,Sports,65.75,4.59,1
155,123,Home,33.52,4.16,1
156,310,Beauty,45.24,4.5,1
157,192,Electronics,54.94,4.73,1
158,1,Home,90.54,5.0,1
159,22,Beauty,29.31,4.55,1
160,82,Beauty,37.12,4.26,1
161,139,Sports,34.45,4.45,1
162,261,Beauty,61.87,4.84,1
163,169,Electronics,46.14,3.39,1
164,303,Electronics,68.08,4.47,1
165,201,Electronics,43.22,4.46,1
166,138,Toys,6.0,4.42,1
167,202,Electronics,29.41,3.8,0
168,236,Beauty,34.51,4.44,1
169,39,Sports,31.05,3.75,0
170,36,Sports,51.53,5.0,1
171,293,Electronics,31.11,3.77,1
172,164,Beauty,64.86,4.65,1
173,9,Beauty,6.0,4.18,1
174,275,Beauty,6.0,4.33,1
175,230,Toys,42.29,4.24,1
176,93,Toys,6.0,3.97,0
177,288,Home,6.81,4.61,1
178,39,Sports,35.99,4.02,1
179,297,Electronics,43.98,4.19,1
180,243,Home,40.63,4.42,1
181,232,Electronics,25.79,4.74,1
182,31,Toys,56.45,4.11,1
183,267,Electronics,6.0,4.0,1
184,112,Home,50.13,3.75,0
185,182,Beauty,71.03,4.38,1
186,238,Sports,44.9,4.03,1
187,263,Home,6.0,4.1,1
188,105,Electronics,60.58,4.45,1
189,179,Home,16.56,4.24,1
190,188,Toys,41.02,4.37,1
191,315,Sports,99.66,3.74,0
192,81,Home,11.18,4.35,1
193,137,Electronics,68.58,3.93,1
194,256,Sports,28.17,5.0,1
195,206,Toys,6.0,4.68,1
196,34,Home,6.0,3.97,1
197,76,Electronics,46.75,3.91,1
198,182,Sports,6.0,4.47,1
199,90,Sports,25.55,4.08,1
200,264,Home,31.86,4.49,0
201,300,Electronics,42.48,4.4,0
202,209,Sports,6.0,3.87,1
203,56,Sports,76.44,3.85,1
204,186,Beauty,24.69,4.98,1
205,313,Beauty,38.32,3.91,1
206,210,Sports,23.31,4.64,1
207,79,Home,37.98,3.55,0
208,64,Sports,26.23,3.76,1
209,118,Toys,54.59,4.13,0
210,284,Home,47.27,4.17,1
211,34,Beauty,51.03,3.79,1
212,278,Home,33.93,5.0,1
213,10,Home,46.33,4.59,1
214,266,Electronics,58.37,3.61,0
215,156,Sports,15.59,4.88,1
216,90,Electronics,24.53,5.0,1
217,234,Electronics,61.52,2.58,1
218,54,Toys,29.1,3.87,1
219,272,Toys,71.37,2.92,1
220,137,Electronics,31.55,3.83,1
221,277,Home,20.41,3.76,1
222,285,Electronics,85.41,4.11,1
223,30,Home,8.38,5.0,1
224,301,Sports,37.32,3.8,1
225,45,Toys,51.43,4.56,1
226,9,Beauty,19.84,3.7,0
227,4,Sports,41.27,3.64,1
228,193,Beauty,22.28,3.89,1
229,80,Electronics,39.54,3.94,1
230,76,Electronics,78.31,3.79,1
231,201,Electronics,36.56,5.0,1
232,140,Home,27.44,4.57,1
233,232,Home,46.67,4.17,1
234,289,Electronics,18.24,4.1,1
235,83,Electronics,70.08,4.57,1
236,113,Electronics,49.58,3.53,1
237,174,Toys,12.24,3.45,1
238,248,Beauty,42.46,3.51,1
239,95,Home,21.79,5.0,1
240,99,Sports,61.54,3.76,1
241,98,Sports,28.63,5.0,1
242,246,Home,6.34,4.72,1
243,136,Sports,14.04,5.0,1
244,186,Home,60.5,4.3,1
245,126,Home,28.41,4.08,1
246,269,Electronics,83.45,4.3,1
247,81,Sports,29.24,5.0,1
248,136,Beauty,31.82,5.0,1
249,162,Sports,54.35,4.87,1
250,206,Sports,65.36,4.28,0
251,234,Home,63.58,3.85,1
252,315,Home,42.69,4.19,1
253,115,Toys,54.25,4.32,1
254,272,Home,6.0,4.98,1
255,36,Toys,43.9,4.53,1
256,296,Beauty,13.3,3.78,1
257,6,Toys,6.0,4.28,0
258,239,Sports,49.25,4.25,1
259,41,Toys,10.92,4.37,1
260,205,Electronics,36.7,4.11,1
261,14,Beauty,34.75,4.34,1
262,286,Sports,65.48,4.36,1
263,139,Electronics,28.33,3.95,1
264,10,Sports,15.57,4.57,0
265,12,Home,55.41,4.17,1
266,295,Electronics,37.59,5.0,1
267,289,Home,39.92,3.7,1
268,154,Electronics,6.0,3.64,1
269,9,Beauty,54.32,4.02,1
270,102,Sports,14.74,3.78,1
271,48,Electronics,8.36,3.75,1
272,15,Electronics,48.51,4.47,1
273,226,Home,33.78,3.76,1
274,230,Sports,52.54,4.26,1
275,229,Electronics,44.81,4.33,1
276,298,Beauty,43.86,3.72,1
277,12,Sports,13.59,4.56,1
278,216,Electronics,46.29,3.64,1
279,84,Beauty,19.21,4.69,0
280,173,Electronics,58.53,4.35,1
281,81,Sports,15.83,4.07,0
282,222,Home,20.3,4.18,1
283,1,Beauty,18.87,4.32,1
284,136,Home,29.8,4.16,1
285,134,Toys,6.0,4.93,1
286,48,Sports,30.53,4.47,1
287,309,Home,25.09,3.85,1
288,210,Beauty,43.83,3.99,1
289,77,Home,34.17,3.99,1
290,292,Beauty,75.05,3.75,1
291,223,Sports,62.6,3.89,1
292,233,Home,39.01,4.2,1
293,290,Home,65.6,5.0,1
294,101,Home,30.46,4.22,0
295,310,Toys,27.97,4.43,1
296,10,Home,24.02,3.71,1
297,236,Home,43.78,4.91,1
298,179,Home,38.26,4.33,1
299,241,Home,18.36,4.73,1
300,33,Electronics,36.0,3.99,1
301,71,Beauty,6.0,2.7,1
302,275,Toys,26.49,4.44,1
303,40,Toys,24.91,3.71,1
304,31,Sports,36.2,4.22,0
305,196,Home,59.08,4.13,1
306,127,Sports,13.63,4.3,1
307,265,Sports,33.53,4.12,1
308,9,Toys,31.87,3.06,1
309,110,Home,25.98,4.16,0
310,201,Electronics,47.51,3.72,1
311,278,Electronics,42.46,4.32,1
312,103,Toys,9.57,3.89,0
313,247,Electronics,19.12,4.26,1
314,40,Toys,50.26,3.89,1
315,145,Electronics,44.84,3.76,0
316,125,Beauty,50.28,3.95,1
317,171,Beauty,29.36,3.96,1
318,191,Beauty,42.07,4.22,1
319,81,Home,63.24,3.21,1
320,315,Home,37.52,3.75,1
321,299,Electronics,62.76,4.56,1
322,86,Toys,54.04,3.8,0
323,314,Home,29.56,4.81,1
324,85,Electronics,58.91,2.9,1
325,316,Electronics,71.76,4.46,1
326,56,Beauty,25.52,4.48,1
327,127,Electronics,83.76,3.28,1
328,113,Home,24.68,4.38,1
329,246,Sports,36.15,3.07,1
330,269,Beauty,85.47,4.89,1
331,76,Toys,33.0,4.06,1
332,282,Electronics,13.2,3.97,1
333,319,Sports,12.96,3.88,1
334,205,Beauty,47.23,4.74,1
335,21,Electronics,13.64,4.08,1
336,186,Toys,6.3,2.99,1
337,12,Electronics,69.88,4.24,1
338,237,Toys,11.88,4.6,1
339,34,Sports,6.0,3.32,1
340,223,Sports,86.27,4.53,1
341,189,Home,40.88,3.83,1
342,6,Electronics,14.58,3.69,1
343,69,Sports,64.2,4.01,0
344,71,Sports,25.56,4.2,1
345,158,Beauty,11.46,4.55,1
346,6,Beauty,34.21,4.12,0
347,74,Home,52.24,4.35,1
348,65,Toys,68.69,4.51,1
349,143,Beauty,35.08,4.24,1
350,70,Home,32.89,3.91,1
351,212,Electronics,35.45,4.57,1
352,285,Sports,43.14,4.55,1
353,290,Toys,20.23,5.0,1
354,220,Home,62.17,4.44,0
355,160,Home,16.87,3.91,1
356,118,Home,24.77,4.54,0
357,35,Home,35.36,3.23,1
358,110,Home,42.73,3.79,1
359,319,Electronics,58.48,4.68,0
360,61,Toys,76.01,3.95,1
361,153,Electronics,43.25,3.86,1
362,144,Toys,80.08,4.51,1
363,227,Toys,45.4,3.79,1
364,39,Beauty,83.62,3.69,1
365,10,Home,29.36,4.35,1
366,308,Electronics,54.81,4.01,1
367,228,Electronics,22.05,3.87,1
368,277,Sports,6.0,4.11,0
369,114,Toys,6.0,4.38,1
370,22,Toys,14.61,4.28,1
371,195,Beauty,43.91,4.21,1
372,96,Sports,39.06,4.06,1
373,301,Home,31.87,4.28,0
374,144,Home,34.21,4.4,1
375,114,Electronics,51.43,4.96,1
376,51,Beauty,15.82,3.53,1
377,192,Electronics,6.0,5.0,1
378,199,Home,74.71,3.66,1
379,134,Home,35.51,3.7,1
380,308,Beauty,39.23,4.85,1
381,306,Sports,50.85,4.14,1
382,70,Home,6.0,4.22,1
383,230,Sports,45.32,3.85,0
384,104,Home,31.3,4.75,1
385,4,Home,53.15,4.76,0
386,9,Home,58.79,4.36,1
387,208,Toys,38.69,4.12,1
388,276,Toys,8.61,3.44,0
389,192,Electronics,36.22,4.23,1
390,95,Sports,28.34,3.9,1
391,113,Electronics,63.74,5.0,1
392,218,Sports,6.0,4.39,1
393,59,Home,71.53,4.16,1
394,318,Home,49.89,4.5,1
395,71,Beauty,28.48,3.47,1
396,132,Electronics,56.1,3.34,1
397,242,Home,54.41,2.7,1
398,228,Beauty,55.0,3.55,1
399,70,Toys,54.84,4.14,1
400,45,Electronics,23.28,4.18,1
401,50,Electronics,37.12,2.98,1
402,264,Home,68.53,4.69,1
403,172,Sports,30.93,3.23,1
404,205,Electronics,21.66,4.23,1
405,131,Sports,20.64,3.87,1
406,73,Sports,47.51,4.23,1
407,270,Home,70.51,4.21,1
408,129,Home,6.0,4.22,1
409,235,Sports,24.23,3.83,1
410,223,Electronics,33.09,4.57,1
411,304,Beauty,57.84,3.8,1
412,94,Beauty,11.39,5.0,0
413,185,Beauty,72.32,4.3,1
414,50,Electronics,29.54,4.37,0
415,12,Beauty,44.8,3.82,1
416,154,Sports,20.32,3.9,0
417,88,Electronics,53.37,4.7,1
418,1,Sports,18.33,3.81,1
419,86,Sports,39.39,4.37,1
420,217,Sports,28.23,5.0,1
421,39,Beauty,61.24,4.76,1
422,264,Toys,51.15,3.7,0
423,1,Electronics,9.08,4.16,1
424,208,Home,35.14,3.59,1
425,177,Electronics,43.0,4.28,1
426,240,Toys,11.24,3.53,1
427,237,Home,16.66,3.63,1
428,245,Home,21.81,4.83,1
429,80,Home,23.65,3.88,1
430,297,Beauty,62.98,4.16,1
431,170,Toys,42.97,3.36,1
432,103,Toys,42.44,4.44,0
433,38,Home,70.78,3.33,0
434,61,Home,82.03,4.38,1
435,114,Beauty,17.45,4.14,1
436,108,Beauty,41.33,4.05,1
437,105,Electronics,12.63,4.47,1
438,45,Sports,50.46,4.12,1
439,48,Sports,19.54,4.4,1
440,276,Home,42.64,3.85,1
441,121,Electronics,45.97,3.49,0
442,218,Home,6.08,3.82,1
443,159,Home,13.24,5.0,1
444,31,Sports,36.64,4.34,1
445,135,Home,34.89,4.4,1
446,175,Sports,37.48,4.14,1
447,65,Home,30.69,4.76,1
448,164,Toys,13.44,4.59,1
449,138,Home,31.97,4.57,1
450,71,Home,14.78,4.31,1
451,296,Home,23.4,3.75,0
452,191,Sports,40.55,3.81,1
453,288,Electronics,7.09,3.8,1
454,283,Sports,32.51,3.54,1
455,101,Beauty,50.6,4.26,1
456,212,Sports,51.63,3.77,1
457,317,Sports,43.7,4.18,0
458,32,Home,31.74,4.16,1
459,70,Electronics,20.38,3.2,1
460,250,Toys,8.91,3.56,0
461,138,Home,35.18,4.05,0
462,8,Electronics,47.4,4.28,1
463,197,Beauty,39.64,4.54,1
464,57,Sports,40.77,4.04,1
465,91,Electronics,69.13,4.63,1
466,267,Electronics,37.52,4.14,1
467,97,Beauty,53.24,4.62,1
468,44,Sports,23.72,4.85,1
469,292,Sports,30.07,3.76,1
470,288,Toys,54.62,3.93,1
471,233,Toys,43.0,4.82,1
472,170,Home,14.74,3.77,1
473,225,Electronics,20.63,3.99,1
474,102,Toys,35.78,3.45,1
475,124,Home,26.19,3.81,1
476,307,Sports,18.15,4.07,1
477,203,Beauty,46.17,4.47,1
478,194,Beauty,21.89,3.87,1
479,78,Electronics,32.79,4.36,1
480,237,Electronics,10.8,4.21,1
481,46,Beauty,47.22,4.32,0
482,120,Electronics,6.0,4.0,1
483,56,Toys,37.57,3.47,1
484,129,Home,33.9,4.07,1
485,135,Home,26.13,3.93,1
486,16,Electronics,12.02,3.9,1
487,41,Toys,6.0,5.0,1
488,284,Toys,52.41,4.2,1
489,264,Sports,37.13,4.16,1
490,307,Sports,61.67,4.34,1
491,264,Home,23.77,4.09,1
492,23,Home,90.59,4.05,1
493,129,Beauty,19.2,3.97,1
494,237,Beauty,39.63,4.25,1
495,225,Electronics,86.24,4.79,1
496,207,Home,68.62,4.3,1
497,258,Home,26.35,4.55,1
498,169,Home,59.85,4.8,1
499,305,Home,49.34,3.53,1
500,188,Beauty,48.1,5.0,1
501,272,Beauty,21.54,3.93,1
502,76,Toys,24.27,4.64,1
503,6,Beauty,50.46,4.59,1
504,218,Sports,51.1,3.74,1
505,247,Electronics,17.95,4.07,1
506,218,Home,101.37,5.0,1
507,154,Home,27.39,3.95,1
508,249,Electronics,59.45,4.16,1
509,20,Beauty,34.38,4.24,1
510,223,Sports,36.12,3.65,1
511,265,Electronics,54.86,3.77,0
512,58,Home,56.58,4.32,1
513,211,Toys,20.26,3.94,1
514,174,Toys,32.24,4.21,1
515,196,Beauty,7.97,4.07,0
516,232,Sports,50.25,3.49,1
517,305,Toys,73.56,4.14,1
518,86,Beauty,69.43,3.83,1
519,150,Toys,89.56,3.75,1
520,177,Beauty,29.22,4.78,1
521,173,Electronics,70.18,3.7,1
522,48,Beauty,33.34,4.57,1
523,274,Home,26.82,2.98,0
524,125,Home,28.83,4.45,1
525,201,Sports,6.0,4.08,1
526,127,Home,12.71,4.06,1
527,133,Electronics,36.55,4.16,1
528,217,Home,33.86,4.62,1
529,307,Beauty,9.63,3.95,1
530,5,Sports,6.0,4.38,1
531,25,Beauty,26.2,4.19,1
532,18,Toys,52.79,4.11,1
533,170,Sports,6.0,4.72,1
534,316,Beauty,27.02,4.18,1
535,209,Sports,31.52,3.77,1
536,86,Toys,80.52,4.62,1
537,57,Toys,20.01,4.78,1
538,3,Beauty,32.03,5.0,1
539,133,Toys,6.0,3.99,0
540,111,Sports,36.45,4.57,1
541,214,Beauty,40.94,3.98,1
542,131,Toys,33.37,3.91,1
543,193,Beauty,65.13,4.52,1
544,279,Home,6.0,4.9,1
545,24,Sports,32.38,4.95,1
546,125,Toys,71.18,4.38,1
547,280,Electronics,49.31,3.68,1
548,252,Sports,39.61,3.81,1
549,48,Home,6.0,3.65,1
550,104,Electronics,46.73,4.17,1
551,157,Electronics,26.86,4.25,1
552,309,Sports,34.98,2.63,1
553,255,Home,65.92,4.66,1
554,9,Sports,64.69,3.51,1
555,253,Sports,88.59,3.82,1
556,128,Sports,59.53,4.43,0
557,252,Beauty,57.37,4.73,0
558,112,Sports,29.74,4.83,0
559,124,Beauty,44.25,4.45,1
560,197,Sports,24.09,4.24,1
561,107,Home,65.31,4.51,1
562,85,Toys,18.49,4.24,1
563,154,Electronics,90.17,4.44,1
564,259,Home,72.99,3.5,1
565,267,Home,73.03,4.82,1
566,221,Toys,33.36,4.19,1
567,283,Home,37.33,4.37,1
568,166,Electronics,44.03,3.75,1
569,282,Electronics,17.99,3.97,1
570,318,Home,32.44,4.59,1
571,46,Home,72.82,3.62,1
572,64,Sports,20.12,5.0,1
573,86,Toys,13.52,3.82,1
574,181,Electronics,8.02,4.22,1
575,51,Toys,49.88,4.77,0
576,115,Sports,50.35,3.67,1
577,111,Electronics,16.56,4.13,1
578,170,Toys,41.46,4.15,1
579,125,Toys,21.88,4.77,1
580,158,Electronics,82.17,3.89,1
581,129,Home,32.31,4.02,1
582,247,Toys,58.8,3.63,1
583,200,Home,97.12,4.07,1
584,5,Sports,30.8,3.94,1
585,194,Beauty,30.92,4.99,1
586,278,Beauty,45.82,4.23,1
587,144,Sports,53.71,3.98,1
588,114,Electronics,23.8,4.26,1
589,163,Toys,19.06,4.09,1
590,245,Sports,56.15,4.54,0
591,117,Sports,49.96,4.4,0
592,207,Sports,90.77,4.15,1
593,89,Sports,39.58,4.96,1
594,41,Beauty,32.17,3.93,1
595,181,Beauty,48.42,4.04,1
596,93,Electronics,37.11,5.0,1
597,196,Home,31.17,4.67,1
598,16,Electronics,6.0,4.11,1
599,109,Toys,14.08,3.98,1
600,284,Home,38.6,4.44,1
601,151,Sports,61.3,3.83,0
602,309,Beauty,17.54,3.87,1
603,292,Beauty,50.21,4.51,1
604,270,Beauty,24.41,4.27,1
605,124,Home,47.44,3.62,1
606,70,Beauty,49.62,4.01,0
607,6,Toys,50.51,5.0,1
608,136,Home,23.89,4.31,1
609,128,Electronics,8.06,4.24,1
610,248,Beauty,82.97,4.25,1
611,97,Sports,22.35,4.06,1
612,6,Electronics,10.72,5.0,1
613,167,Home,39.42,4.85,1
614,258,Beauty,61.66,4.31,1
615,196,Beauty,46.62,4.25,1
616,168,Beauty,13.74,4.44,1
617,21,Electronics,48.92,3.28,0
618,260,Sports,19.46,3.44,1
619,116,Electronics,30.2,4.2,0
620,235,Toys,51.13,4.05,0
621,301,Electronics,47.99,2.99,1
622,205,Electronics,8.44,4.55,0
623,152,Home,85.55,4.32,1
624,19,Home,58.73,4.74,1
625,112,Toys,22.24,4.57,1
626,218,Home,47.12,4.32,1
627,210,Home,55.21,4.04,1
628,199,Sports,35.89,4.5,1
629,260,Electronics,6.0,4.09,1
630,169,Home,6.0,4.71,0
631,150,Toys,27.27,4.55,1
632,168,Toys,48.43,4.6,1
633,166,Electronics,44.23,3.59,1
634,151,Toys,31.03,4.42,1
635,2,Electronics,68.03,4.08,0
636,33,Home,55.78,3.9,1
637,9,Beauty,6.0,3.44,1
638,295,Sports,77.25,3.85,1
639,291,Electronics,47.57,3.92,1
640,111,Electronics,44.62,4.05,1
641,260,Home,19.37,3.57,1
642,20,Electronics,103.8,3.68,1
643,283,Sports,38.73,4.26,1
644,91,Home,30.86,4.19,1
645,166,Electronics,17.79,4.82,1
646,125,Toys,6.0,4.05,0
647,28,Sports,17.93,3.44,0
648,100,Home,37.76,3.99,1
649,198,Sports,14.72,4.16,1
650,279,Home,13.33,4.61,1
651,303,Beauty,67.9,5.0,1
652,3,Home,39.54,4.1,1
653,11,Sports,18.42,4.43,1
654,289,Home,32.28,5.0,0
655,59,Electronics,23.44,5.0,1
656,188,Sports,52.31,4.6,1
657,313,Home,30.65,4.34,1
658,137,Sports,27.67,4.82,1
659,28,Beauty,39.82,4.37,1
660,307,Beauty,49.51,4.42,1
661,94,Sports,34.82,3.77,1
662,255,Beauty,71.76,4.21,1
663,312,Electronics,55.12,4.24,0
664,247,Home,103.47,4.63,1
665,189,Home,35.84,4.68,1
666,40,Sports,14.52,4.56,1
667,169,Toys,38.64,4.53,1
668,103,Home,44.11,4.52,1
669,283,Sports,59.06,4.01,1
670,317,Toys,9.38,4.29,1
671,224,Electronics,23.88,3.75,1
672,301,Home,67.81,4.22,1
673,233,Beauty,47.22,4.14,1
674,52,Beauty,32.91,4.89,1
675,313,Home,17.63,4.78,1
676,297,Electronics,33.35,3.43,1
677,265,Sports,29.47,4.04,1
678,40,Toys,24.35,5.0,1
679,293,Electronics,69.2,4.66,1
680,95,Home,93.96,4.47,1
681,163,Sports,33.4,4.27,1
682,272,Home,17.61,4.63,1
683,23,Toys,47.11,3.86,1
684,248,Sports,6.0,4.03,1
685,144,Toys,59.06,3.96,1
686,181,Sports,37.55,5.0,1
687,39,Sports,42.91,3.89,1
688,248,Sports,31.07,4.9,1
689,57,Electronics,51.48,3.23,1
690,113,Toys,49.54,4.51,1
691,49,Beauty,63.18,5.0,1
692,285,Beauty,83.77,4.13,1
693,300,Beauty,29.42,4.43,1
694,213,Sports,51.71,3.13,1
695,89,Electronics,56.33,4.09,1
696,205,Sports,51.61,4.34,1
697,116,Toys,58.15,4.5,1
698,142,Home,28.09,5.0,1
699,5,Beauty,56.25,4.55,1
700,250,Electronics,6.0,5.0,1
701,292,Beauty,10.84,4.13,0
702,300,Sports,43.74,3.45,1
703,268,Toys,12.53,4.37,1
704,294,Home,52.27,4.88,1
705,255,Home,39.87,4.16,1
706,149,Electronics,34.71,4.62,0
707,114,Sports,45.16,4.59,1
708,46,Electronics,44.57,4.97,1
709,240,Sports,6.0,4.74,1
710,98,Home,25.71,4.26,1
711,95,Electronics,60.98,5.0,1
712,153,Sports,73.74,3.71,1
713,30,Beauty,71.24,4.1,0
714,163,Beauty,10.98,4.98,1
715,18,Sports,55.57,4.69,1
716,223,Beauty,10.4,3.57,1
717,114,Beauty,34.72,4.27,1
718,111,Electronics,54.65,4.26,1
719,307,Beauty,52.17,4.77,1
720,139,Beauty,36.78,4.61,1
721,274,Home,42.64,4.63,1
722,229,Beauty,71.24,4.95,1
723,147,Electronics,45.8,4.56,0
724,269,Home,88.01,3.88,1
725,231,Beauty,46.05,4.4,1
726,294,Beauty,18.54,4.93,0
727,307,Sports,38.01,4.34,1
728,21,Sports,6.0,4.31,1
729,58,Home,68.68,4.6,0
730,67,Beauty,38.15,4.35,0
731,304,Home,32.61,3.6,0
732,26,Electronics,16.11,3.68,1
733,227,Beauty,47.97,4.34,1
734,91,Home,42.23,5.0,1
735,150,Beauty,67.11,3.86,1
736,154,Electronics,57.14,4.88,1
737,103,Toys,6.0,3.83,1
738,174,Toys,32.16,3.26,1
739,228,Home,71.84,4.31,1
740,23,Sports,41.45,4.77,1
741,169,Beauty,36.01,3.68,1
742,19,Beauty,46.58,5.0,1
743,111,Sports,70.18,4.16,0
744,35,Toys,52.27,4.51,1
745,263,Electronics,6.0,4.51,1
746,228,Sports,51.44,3.62,0
747,205,Beauty,22.41,4.71,1
748,73,Electronics,38.45,3.27,1
749,101,Home,59.59,4.1,1
750,269,Sports,61.8,3.37,1
751,57,Toys,59.47,4.75,1
752,91,Beauty,30.44,3.95,1
753,159,Home,43.27,3.55,1
754,258,Sports,16.61,4.16,1
755,264,Home,100.01,4.25,1
756,159,Home,47.78,3.99,1
757,64,Sports,26.01,4.29,1
758,265,Home,24.07,4.74,1
759,198,Sports,8.54,3.87,1
760,283,Electronics,80.7,3.81,1
761,118,Electronics,10.0,5.0,1
762,84,Sports,69.54,4.11,1
763,282,Toys,46.31,2.37,0
764,221,Toys,45.9,3.94,1
765,34,Sports,59.44,3.56,1
766,315,Electronics,39.14,4.38,1
767,281,Sports,33.12,4.91,1
768,276,Toys,35.18,4.18,1
769,30,Home,62.55,3.85,1
770,284,Toys,84.31,4.61,1
771,264,Sports,52.01,4.7,1
772,61,Beauty,82.02,4.21,1
773,317,Home,10.26,3.85,1
774,317,Sports,33.4,4.13,1
775,176,Home,27.3,3.93,1
776,265,Sports,41.6,4.01,1
777,66,Home,43.7,4.66,1
778,215,Sports,56.21,3.89,1
779,263,Sports,47.7,4.67,1
780,120,Electronics,22.1,3.02,1
781,175,Electronics,60.11,4.74,1
782,62,Beauty,17.69,4.35,1
783,281,Toys,65.5,4.33,1
784,75,Home,8.57,4.81,1
785,103,Sports,29.39,4.06,1
786,231,Sports,12.85,3.54,1
787,83,Electronics,65.41,3.42,1
788,120,Electronics,33.07,4.62,1
789,269,Beauty,50.14,3.84,1
790,177,Beauty,6.0,3.99,0
791,263,Electronics,30.91,4.91,1
792,252,Toys,35.86,3.48,1
793,7,Electronics,43.29,3.67,1
794,49,Electronics,6.0,4.11,1
795,228,Home,62.2,4.54,1
796,38,Electronics,6.0,5.0,1
797,297,Beauty,63.38,3.96,1
798,313,Electronics,10.17,4.15,1
799,101,Sports,53.81,4.34,1
800,61,Electronics,8.6,4.2,1
801,243,Electronics,7.69,4.11,1
802,224,Sports,32.74,4.53,0
803,118,Sports,41.39,3.13,1
804,310,Electronics,32.39,4.22,1
805,14,Electronics,31.81,4.58,1
806,211,Toys,64.64,3.96,1
807,226,Home,22.38,4.11,0
808,193,Home,62.89,4.05,1
809,86,Beauty,54.03,4.87,1
810,131,Toys,52.48,4.56,1
811,251,Beauty,27.89,4.69,1
812,4,Home,7.06,4.16,1
813,273,Toys,46.01,4.08,0
814,127,Sports,49.91,3.15,1
815,299,Sports,14.33,3.93,1
816,245,Electronics,71.11,3.67,0
817,232,Beauty,52.83,4.08,1
818,234,Home,7.47,3.67,1
819,165,Sports,43.62,4.42,1
820,111,Home,15.91,4.3,1
821,94,Electronics,29.3,4.46,1
822,4,Beauty,6.0,4.05,0
823,88,Sports,52.25,4.84,0
824,214,Sports,13.01,3.86,1
825,110,Sports,63.98,4.16,1
826,132,Electronics,42.05,4.45,0
827,207,Sports,59.76,4.08,0
828,160,Sports,70.28,4.96,1
829,237,Beauty,27.33,3.06,1
830,71,Electronics,12.17,3.84,1
831,171,Beauty,14.53,3.98,0
832,55,Sports,37.63,4.75,1
833,241,Toys,21.61,4.36,1
834,24,Home,21.42,4.56,1
835,137,Home,33.63,4.55,0
836,203,Sports,67.74,5.0,1
837,198,Toys,34.66,3.98,1
838,162,Beauty,20.05,4.26,1
839,168,Electronics,51.38,4.85,1
840,72,Electronics,27.37,4.62,1
841,156,Electronics,55.06,4.55,1
842,287,Sports,47.1,3.28,1
843,31,Beauty,9.34,5.0,1
844,138,Beauty,23.24,4.2,1
845,225,Electronics,51.85,4.5,1
846,261,Toys,60.15,3.92,1
847,278,Home,14.3,4.03,1
848,201,Home,60.95,4.05,1
849,311,Toys,28.34,4.47,1
850,152,Electronics,24.29,3.74,1
851,206,Beauty,11.41,4.67,1
852,148,Sports,6.0,4.46,1
853,114,Beauty,73.2,3.8,1
854,190,Home,46.42,4.22,1
855,315,Sports,37.3,4.21,1
856,164,Toys,39.58,4.6,1
857,114,Beauty,39.04,3.62,1
858,95,Home,17.96,3.88,1
859,19,Sports,40.27,4.54,1
860,142,Electronics,55.29,4.71,1
861,208,Beauty,55.23,3.27,1
862,310,Toys,36.73,3.22,1
863,237,Electronics,83.32,4.41,1
864,175,Sports,49.59,3.14,1
865,258,Beauty,16.66,5.0,1
866,19,Sports,31.14,3.74,1
867,281,Home,52.7,3.55,0
868,208,Electronics,33.2,3.86,0
869,174,Electronics,45.91,3.85,1
870,116,Beauty,59.76,4.38,0
871,230,Sports,13.86,4.03,1
872,143,Toys,11.05,3.75,1
873,124,Sports,7.79,4.79,0
874,230,Home,10.49,4.49,1
875,29,Beauty,26.92,5.0,1
876,251,Home,18.59,4.88,1
877,215,Home,6.0,3.66,1
878,6,Toys,44.47,3.72,1
879,112,Home,52.02,4.88,1
880,144,Home,9.48,4.24,1
881,91,Electronics,36.27,4.3,1
882,46,Electronics,30.08,4.8,1
883,194,Toys,27.18,3.81,1
884,105,Toys,33.16,4.83,0
885,149,Home,83.18,4.06,1
886,174,Home,6.0,3.42,1
887,82,Home,46.66,5.0,1
888,42,Beauty,72.19,3.71,1
889,215,Home,78.33,4.88,1
890,100,Home,80.37,4.17,0
891,20,Sports,40.67,4.17,1
892,173,Sports,38.56,3.14,1
893,258,Home,30.4,3.68,1
894,148,Electronics,32.86,3.77,1
895,167,Electronics,37.47,3.84,1
896,136,Electronics,6.0,4.58,1
897,256,Sports,15.96,4.14,0
898,245,Electronics,50.05,4.46,1
899,192,Sports,82.72,3.38,0
900,7,Home,62.24,5.0,1
901,132,Sports,27.26,4.96,1
902,93,Beauty,12.75,4.86,1
903,315,Home,53.37,4.53,1
904,44,Home,27.22,3.6,1
905,267,Toys,46.97,3.96,1
906,110,Toys,65.62,3.83,0
907,283,Sports,49.23,4.26,1
908,317,Toys,43.85,3.69,1
909,251,Beauty,81.54,4.86,1
910,79,Electronics,6.0,3.67,1
911,182,Home,42.09,4.43,1
912,299,Beauty,50.07,3.71,0
913,149,Home,42.53,4.36,0
914,266,Sports,6.0,3.52,1
915,263,Toys,25.88,4.55,1
916,264,Beauty,11.17,4.33,0
917,298,Home,6.0,5.0,1
918,231,Toys,9.55,5.0,1
919,29,Sports,36.8,4.13,1
920,198,Home,48.36,3.44,1
921,55,Beauty,34.45,5.0,1
922,263,Sports,13.42,3.79,0
923,154,Beauty,73.71,3.4,1
924,236,Sports,32.2,4.72,1
925,182,Beauty,6.0,3.53,1
926,185,Toys,46.85,4.12,1
927,83,Sports,39.5,3.97,0
928,222,Toys,43.39,3.68,0
929,266,Beauty,66.21,4.2,1
930,248,Toys,18.04,4.15,1
931,117,Home,7.26,4.06,1
932,298,Sports,43.87,3.87,0
933,82,Sports,68.59,4.08,1
934,134,Electronics,44.85,3.93,0
935,200,Sports,27.71,3.9,1
936,169,Toys,35.1,4.79,1
937,147,Electronics,31.32,4.16,1
938,27,Toys,55.74,4.7,1
939,308,Beauty,48.75,4.66,1
940,143,Electronics,37.65,4.48,1
941,237,Toys,62.5,3.68,1
942,231,Sports,98.19,4.08,1
943,158,Home,28.74,4.19,1
944,88,Electronics,40.68,3.71,1
945,226,Sports,64.6,3.43,1
946,284,Electronics,27.06,4.1,1
947,215,Toys,43.01,3.92,0
948,287,Electronics,13.14,3.4,1
949,24,Home,20.48,4.12,0
950,258,Home,37.71,5.0,1
951,42,Sports,23.16,4.74,1
952,2,Toys,49.92,4.74,1
953,11,Beauty,41.19,3.07,1
954,307,Beauty,45.64,5.0,1
955,225,Sports,26.0,3.83,1
956,58,Toys,55.36,4.57,1
957,118,Electronics,79.18,4.78,1
958,200,Electronics,6.0,4.74,1
959,180,Beauty,54.98,3.67,0
960,180,Home,56.78,4.2,1
961,224,Toys,57.86,4.74,1
962,301,Beauty,6.0,4.49,1
963,143,Beauty,22.52,4.48,1
964,283,Electronics,51.99,3.98,1
965,81,Beauty,27.6,3.97,1
966,143,Sports,59.13,4.55,1
967,143,Toys,44.43,3.96,1
968,259,Home,41.77,4.44,1
969,165,Electronics,27.08,4.46,1
970,261,Toys,93.5,4.52,1
971,182,Sports,90.08,5.0,1
972,12,Home,33.24,3.53,1
973,166,Toys,38.31,4.16,1
974,178,Home,44.32,3.53,0
975,226,Electronics,39.45,3.38,1
976,260,Home,44.31,4.22,1
977,236,Home,62.21,4.46,1
978,182,Home,29.6,5.0,1
979,274,Home,58.54,4.45,1
980,122,Electronics,44.27,4.12,1
981,141,Beauty,54.22,3.89,1
982,36,Electronics,70.69,3.92,1
983,216,Electronics,43.09,5.0,1
984,271,Sports,72.68,4.51,1
985,45,Sports,30.77,4.51,1
986,59,Electronics,88.31,3.41,1
987,239,Home,70.36,4.85,1
988,157,Sports,31.27,4.81,1
989,158,Electronics,54.23,3.5,0
990,38,Beauty,20.31,3.39,1
991,225,Beauty,54.68,4.54,1
992,72,Sports,40.47,5.0,1
993,220,Sports,46.82,4.22,1
994,37,Sports,22.16,4.56,1
995,116,Electronics,6.0,4.69,1
996,12,Electronics,56.77,3.56,1
997,255,Beauty,28.24,4.82,1
998,241,Beauty,65.44,3.88,1
999,80,Toys,31.53,4.79,1
1000,65,Toys,77.74,3.84,1
1001,227,Toys,36.4,3.53,0
1002,95,Electronics,61.34,5.0,0
1003,6,Home,47.79,3.95,1
1004,209,Sports,53.06,4.49,1
1005,110,Toys,38.64,3.86,1
1006,206,Home,45.94,4.04,1
1007,274,Sports,38.85,3.42,1
1008,24,Toys,25.94,3.61,1
1009,138,Home,43.28,5.0,1
1010,32,Toys,35.43,4.01,1
1011,173,Beauty,35.14,4.44,0
1012,233,Home,19.06,3.98,1
1013,5,Sports,27.6,4.6,1
1014,110,Electronics,44.63,4.09,1
1015,268,Electronics,55.9,4.62,1
1016,116,Toys,50.33,3.03,1
1017,79,Sports,56.62,3.84,0
1018,286,Beauty,22.19,4.61,1
1019,11,Beauty,49.64,4.08,1
1020,276,Home,42.38,3.77,1
1021,41,Sports,58.02,4.14,1
1022,307,Electronics,84.44,3.67,1
1023,78,Beauty,51.05,3.39,1
1024,119,Sports,29.01,4.78,1
1025,118,Toys,15.81,4.3,1
1026,178,Electronics,51.28,4.27,0
1027,273,Sports,34.74,4.36,1
1028,11,Electronics,26.49,4.87,0
1029,248,Beauty,53.29,3.98,0
1030,247,Beauty,74.2,4.84,1
1031,66,Sports,49.22,4.42,1
1032,249,Beauty,39.54,4.05,1
1033,169,Sports,32.7,3.74,1
1034,222,Toys,61.68,3.73,1
1035,25,Beauty,96.16,3.8,1
1036,10,Home,48.99,3.67,1
1037,246,Home,6.0,4.33,1
1038,180,Electronics,58.63,4.49,1
1039,67,Electronics,53.86,4.01,0
1040,175,Electronics,23.04,4.35,1
1041,98,Sports,47.37,3.79,1
1042,253,Toys,52.57,4.05,1
1043,8,Sports,31.74,3.68,1
1044,202,Electronics,23.01,4.73,1
1045,228,Electronics,20.05,4.28,1
1046,171,Toys,29.26,3.46,0
1047,284,Home,46.25,4.5,0
1048,103,Beauty,38.28,3.89,1
1049,310,Toys,34.69,3.69,1
1050,56,Beauty,39.44,4.54,1
1051,155,Beauty,18.63,3.78,1
1052,158,Beauty,56.17,4.08,1
1053,297,Home,15.13,2.83,1
1054,239,Electronics,31.52,3.82,1
1055,170,Home,26.92,4.62,1
1056,171,Sports,45.1,4.02,1
1057,72,Toys,21.64,4.14,1
1058,299,Sports,43.69,3.31,1
1059,272,Home,62.69,3.88,1
1060,112,Sports,54.39,3.9,0
1061,142,Home,24.61,3.68,1
1062,298,Home,10.53,4.17,1
1063,82,Electronics,37.67,4.29,1
1064,91,Sports,65.25,4.29,1
1065,307,Toys,61.89,4.27,1
1066,132,Sports,30.78,3.74,1
1067,33,Electronics,51.02,4.97,1
1068,59,Toys,66.11,4.05,1
1069,49,Electronics,28.23,4.6,1
1070,89,Electronics,61.14,5.0,1
1071,196,Electronics,48.45,4.31,1
1072,118,Beauty,47.92,3.98,1
1073,231,Home,6.0,4.6,1
1074,304,Beauty,56.53,3.64,1
1075,127,Toys,55.27,4.21,0
1076,155,Sports,28.68,4.45,1
1077,288,Sports,35.01,4.1,0
1078,65,Sports,52.0,4.8,1
1079,303,Sports,36.21,3.72,1
1080,18,Beauty,30.61,3.94,1
1081,39,Toys,6.0,3.35,1
1082,180,Toys,64.5,3.75,0
1083,233,Sports,7.41,4.29,1
1084,234,Home,38.59,4.53,1
1085,135,Toys,31.35,3.71,1
1086,112,Home,6.0,3.81,1
1087,37,Electronics,81.33,4.62,0
1088,298,Electronics,92.69,4.62,1
1089,304,Toys,34.15,4.77,1
1090,10,Sports,31.97,3.21,1
1091,207,Electronics,54.56,3.81,1
1092,316,Electronics,25.25,3.75,1
1093,108,Electronics,44.29,5.0,1
1094,265,Home,27.07,4.0,1
1095,32,Electronics,38.05,4.75,1
1096,40,Toys,65.83,3.88,1
1097,100,Sports,19.14,3.51,1
1098,72,Home,19.46,3.51,1
1099,154,Sports,27.49,4.73,1
1100,36,Electronics,35.23,4.05,0
1101,120,Home,41.99,4.74,0
1102,264,Home,70.69,3.82,0
1103,166,Home,6.0,4.21,1
1104,275,Electronics,45.55,3.14,1
1105,145,Toys,26.16,4.42,1
1106,1,Home,31.01,3.95,1
1107,237,Toys,35.48,4.38,1
1108,228,Toys,55.11,4.13,1
1109,313,Electronics,59.39,4.22,1
1110,198,Toys,32.34,4.71,0
1111,7,Sports,41.43,3.94,0
1112,46,Beauty,41.95,4.09,1
1113,49,Home,57.34,4.09,1
1114,98,Home,34.05,5.0,1
1115,295,Electronics,39.35,4.32,1
1116,66,Electronics,6.0,4.06,1
1117,238,Electronics,38.04,4.06,1
1118,40,Sports,85.08,4.41,1
1119,260,Home,56.35,3.64,1
1120,240,Beauty,8.91,4.2,1
1121,103,Home,32.6,4.5,1
1122,180,Beauty,54.42,3.94,1
1123,63,Sports,12.61,3.75,1
1124,80,Home,54.96,3.95,1
1125,218,Home,64.83,3.79,1
1126,91,Beauty,32.15,4.46,0
1127,73,Sports,20.71,3.71,1
1128,14,Home,55.78,3.47,1
1129,289,Home,66.53,4.35,1
1130,279,Home,37.54,3.92,0
1131,140,Sports,51.74,4.25,1
1132,41,Beauty,34.34,2.98,1
1133,247,Sports,22.09,4.54,1
1134,162,Sports,71.45,4.23,1
1135,105,Home,35.66,4.07,1
1136,52,Electronics,6.0,4.58,1
1137,129,Beauty,12.19,3.97,1
1138,282,Sports,65.03,4.28,1
1139,35,Electronics,73.46,3.44,1
1140,33,Home,19.45,3.39,1
1141,176,Sports,26.98,4.45,0
1142,318,Home,42.22,3.47,0
1143,225,Home,67.39,3.31,1
1144,133,Home,30.78,4.23,0
1145,51,Home,68.46,3.72,1
1146,219,Home,12.92,4.35,0
1147,284,Beauty,24.96,4.85,1
1148,157,Electronics,57.24,3.7,1
1149,277,Home,35.61,4.61,1
1150,69,Electronics,17.16,4.61,1
1151,187,Sports,37.6,4.11,1
1152,191,Electronics,42.3,3.86,1
1153,211,Electronics,6.0,4.66,1
1154,90,Toys,14.71,4.46,1
1155,138,Beauty,51.79,3.26,1
1156,176,Beauty,17.15,3.72,1
1157,314,Sports,101.14,4.24,0
1158,16,Electronics,19.05,4.28,1
1159,83,Electronics,32.47,4.61,1
1160,40,Toys,43.55,3.95,1
1161,252,Toys,42.71,4.11,1
1162,240,Electronics,60.64,4.2,1
1163,114,Sports,31.12,4.85,1
1164,203,Beauty,42.42,4.62,1
1165,267,Toys,47.71,3.82,1
1166,261,Electronics,6.0,3.66,1
1167,206,Home,19.95,4.05,1
1168,4,Sports,80.65,4.7,1
1169,230,Toys,52.64,5.0,1
1170,10,Toys,55.98,4.17,1
1171,157,Electronics,59.11,4.24,1
1172,174,Toys,29.62,3.83,1
1173,62,Toys,6.0,4.22,1
1174,270,Toys,15.29,4.07,1
1175,99,Toys,10.89,4.92,1
1176,212,Beauty,47.09,3.96,1
1177,182,Toys,10.92,3.84,1
1178,50,Beauty,26.67,4.31,1
1179,180,Electronics,56.5,4.14,1
1180,126,Home,15.66,4.88,1
1181,3,Home,34.3,3.81,1
1182,4,Sports,14.55,4.2,1
1183,9,Home,32.95,3.99,1
1184,262,Sports,49.55,3.59,1
1185,211,Sports,67.35,4.08,1
1186,266,Toys,67.2,4.44,1
1187,23,Beauty,78.35,4.61,1
1188,232,Beauty,29.57,3.62,0
1189,202,Toys,6.0,4.48,1
1190,89,Electronics,29.59,4.07,1
1191,233,Electronics,52.81,3.85,1
1192,262,Sports,6.0,3.19,1
1193,285,Beauty,18.84,4.2,1
1194,235,Toys,45.46,4.4,1
1195,241,Toys,41.65,4.77,0
1196,84,Beauty,64.54,4.17,1
1197,128,Home,56.58,3.22,1
1198,19,Toys,36.79,4.6,0
1199,22,Sports,27.85,3.64,1
1200,117,Beauty,6.0,4.15,1
1201,181,Electronics,35.08,3.83,1
1202,108,Beauty,53.35,4.32,0
1203,162,Home,54.91,4.82,1
1204,108,Toys,32.34,4.9,0
1205,248,Home,29.93,4.14,1
1206,13,Electronics,35.97,3.57,1
1207,119,Toys,35.33,3.37,1
1208,3,Toys,30.78,4.82,1
1209,235,Sports,22.31,4.76,1
1210,156,Home,16.0,4.05,1
1211,27,Toys,21.7,4.06,1
1212,99,Electronics,15.07,4.28,1
1213,260,Sports,45.05,4.83,1
1214,312,Beauty,27.56,4.38,1
1215,113,Beauty,26.44,4.88,1
1216,2,Electronics,36.83,4.38,1
1217,304,Beauty,21.14,3.9,0
1218,278,Home,20.63,4.53,1
1219,150,Sports,33.5,4.04,0
1220,83,Sports,53.42,4.47,1
1221,218,Home,80.39,3.73,1
1222,17,Electronics,31.79,4.43,0
1223,200,Sports,36.19,4.42,1
1224,261,Electronics,27.51,4.35,1
1225,285,Home,45.74,3.79,1
1226,101,Home,84.33,3.85,0
1227,268,Sports,76.25,3.94,1
1228,306,Toys,69.45,4.27,1
1229,193,Beauty,38.07,5.0,1
1230,72,Electronics,18.81,4.69,0
1231,308,Sports,35.85,4.24,1
1232,195,Electronics,24.29,4.3,1
1233,66,Electronics,10.8,4.96,1
1234,186,Electronics,60.62,3.98,1
1235,269,Home,75.78,3.57,1
1236,114,Electronics,39.08,3.98,1
1237,105,Electronics,19.63,3.8,1
1238,210,Electronics,20.41,3.93,1
1239,97,Sports,6.0,4.34,1
1240,206,Home,26.42,4.09,1
1241,257,Beauty,35.51,3.7,1
1242,251,Home,20.59,4.63,1
1243,189,Toys,55.56,4.76,1
1244,266,Beauty,49.57,3.62,1
1245,114,Electronics,18.7,3.74,1
1246,276,Sports,35.57,5.0,1
1247,159,Home,59.12,4.56,1
1248,226,Sports,43.61,4.55,1
1249,127,Home,69.98,3.95,1
1250,135,Home,64.03,4.24,1
1251,267,Home,27.34,4.36,1
1252,157,Electronics,79.07,2.9,1
1253,13,Electronics,29.14,3.91,1
1254,156,Toys,36.58,4.02,1
1255,227,Electronics,28.93,5.0,1
1256,116,Sports,31.88,3.97,1
1257,115,Toys,22.48,3.91,1
1258,117,Electronics,62.27,4.66,1
1259,128,Sports,11.35,4.7,1
1260,222,Sports,38.75,4.21,1
1261,18,Beauty,77.15,4.25,1
1262,308,Beauty,20.98,5.0,1
1263,272,Sports,23.56,3.38,1
1264,23,Toys,14.69,4.23,1
1265,134,Sports,10.64,4.25,1
1266,4,Electronics,28.49,4.99,1
1267,4,Toys,38.48,4.13,1
1268,248,Sports,31.07,4.13,1
1269,257,Electronics,22.75,3.85,0
1270,179,Beauty,13.94,3.52,1
1271,85,Electronics,6.0,3.82,0
1272,109,Toys,24.46,4.56,1
1273,247,Sports,41.96,3.74,0
1274,300,Toys,16.13,3.76,1
1275,243,Electronics,39.91,4.71,1
1276,264,Electronics,34.82,3.51,1
1277,231,Electronics,33.46,3.58,1
1278,149,Electronics,53.98,3.08,1
1279,290,Sports,36.63,4.61,1
1280,61,Beauty,61.29,4.61,1
1281,20,Beauty,19.15,4.3,1
1282,151,Electronics,58.34,4.47,0
1283,260,Sports,50.58,4.52,1
1284,143,Electronics,15.07,5.0,1
1285,56,Toys,35.11,3.75,1
1286,204,Electronics,52.66,4.18,1
1287,198,Beauty,89.55,4.7,0
1288,254,Beauty,17.57,3.26,1
1289,188,Sports,45.42,4.16,1
1290,99,Home,41.24,3.75,0
1291,251,Electronics,20.87,4.42,1
1292,309,Beauty,49.58,4.14,1
1293,145,Home,44.89,4.3,1
1294,38,Toys,66.24,4.22,1
1295,292,Beauty,59.18,4.66,1
1296,131,Beauty,32.68,4.53,1
1297,294,Toys,56.97,3.84,1
1298,71,Beauty,26.79,4.86,1
1299,6,Toys,30.09,4.96,1
1300,318,Sports,47.39,4.02,1
1301,234,Toys,67.71,4.2,1
1302,249,Sports,80.55,4.15,0
1303,278,Electronics,44.94,5.0,0
1304,318,Beauty,20.23,4.1,1
1305,278,Electronics,57.93,4.55,1
1306,94,Toys,12.78,4.92,1
1307,155,Home,55.09,3.1,1
1308,203,Toys,71.63,4.35,1
1309,303,Electronics,73.61,3.09,1
1310,316,Electronics,20.86,3.98,1
1311,14,Electronics,37.59,4.1,1
1312,254,Sports,22.63,3.91,1
1313,294,Home,28.5,2.8,1
1314,31,Toys,111.66,4.17,1
1315,262,Beauty,6.0,4.08,1
1316,238,Home,42.19,4.59,1
1317,237,Beauty,34.3,3.62,0
1318,294,Toys,50.34,3.39,1
1319,194,Home,68.13,4.73,1
1320,54,Toys,38.06,4.45,1
1321,40,Sports,20.49,4.76,1
1322,300,Electronics,58.82,4.56,1
1323,251,Home,47.29,4.07,1
1324,76,Beauty,49.08,4.1,1
1325,56,Toys,45.83,3.97,1
1326,234,Home,71.54,4.0,1
1327,111,Sports,79.86,4.07,1
1328,39,Home,85.38,3.17,1
1329,267,Home,22.54,3.67,1
1330,282,Electronics,59.43,4.46,1
1331,299,Toys,36.46,4.7,1
1332,70,Home,49.99,4.48,1
1333,37,Sports,54.66,3.23,1
1334,231,Home,12.54,3.36,1
1335,204,Beauty,38.44,4.73,1
1336,302,Toys,36.6,5.0,1
1337,2,Home,42.86,4.11,1
1338,268,Electronics,37.43,4.02,0
1339,265,Sports,41.87,4.52,1
1340,223,Sports,83.65,4.21,1
1341,263,Electronics,18.87,4.65,1
1342,82,Sports,34.43,4.46,1
1343,260,Electronics,47.63,5.0,1
1344,251,Toys,73.0,4.5,1
1345,54,Beauty,26.38,3.47,1
1346,59,Electronics,57.06,4.26,1
1347,8,Home,29.64,5.0,1
1348,182,Beauty,26.44,3.72,1
1349,236,Beauty,32.93,3.95,0
1350,163,Electronics,25.88,5.0,1
1351,146,Toys,26.86,4.13,1
1352,114,Toys,53.56,3.79,1
1353,199,Toys,25.33,3.74,1
1354,54,Home,27.68,4.23,1
1355,97,Home,74.29,4.29,1
1356,136,Toys,63.01,4.49,1
1357,266,Electronics,6.0,4.34,1
1358,73,Toys,24.58,3.99,1
1359,260,Sports,26.01,3.71,1
1360,65,Toys,46.1,4.11,1
1361,279,Home,14.51,3.95,1
1362,261,Electronics,15.21,3.57,1
1363,16,Sports,15.07,4.09,1
1364,309,Sports,68.61,4.52,1
1365,68,Home,27.23,3.56,1
1366,279,Home,19.63,3.71,0
1367,25,Beauty,26.6,3.78,1
1368,153,Beauty,6.0,4.36,0
1369,142,Sports,42.83,4.31,1
1370,95,Beauty,38.01,4.08,1
1371,127,Beauty,10.54,4.81,1
1372,73,Beauty,39.27,4.18,1
1373,123,Electronics,16.23,5.0,1
1374,273,Beauty,38.6,3.72,1
1375,14,Electronics,43.6,4.45,1
1376,292,Electronics,39.13,3.84,1
1377,243,Sports,54.51,4.3,1
1378,25,Beauty,24.05,4.19,1
1379,54,Toys,23.98,3.93,1
1380,273,Sports,37.99,3.56,1
1381,124,Sports,18.9,4.48,0
1382,201,Beauty,40.32,3.32,1
1383,82,Electronics,6.0,3.59,1
1384,209,Electronics,12.11,4.43,1
1385,227,Electronics,35.92,4.49,1
1386,6,Toys,57.62,4.31,1
1387,102,Sports,37.53,3.47,1
1388,234,Toys,68.9,4.12,1
1389,259,Sports,63.68,4.93,1
1390,36,Home,45.78,3.68,1
1391,165,Home,46.44,4.97,1
1392,11,Electronics,63.72,4.21,1
1393,109,Electronics,26.09,5.0,1
1394,299,Electronics,10.42,3.23,1
1395,182,Sports,40.84,3.81,1
1396,306,Sports,54.07,4.43,1
1397,174,Toys,24.82,3.87,1
1398,260,Beauty,27.8,5.0,1
1399,280,Toys,8.73,4.35,1
1400,286,Sports,55.82,3.42,1
1401,176,Toys,38.33,4.34,1
1402,235,Electronics,39.67,4.14,1
1403,193,Electronics,44.6,4.09,1
1404,297,Beauty,31.31,3.64,1
1405,148,Home,16.24,4.35,1
1406,289,Electronics,70.83,3.63,1
1407,23,Sports,41.68,4.06,1
1408,144,Beauty,61.79,4.03,1
1409,73,Beauty,23.21,3.94,1
1410,288,Toys,11.53,4.66,0
1411,230,Beauty,6.79,3.75,1
1412,93,Electronics,6.0,3.81,1
1413,55,Electronics,36.41,5.0,1
1414,304,Toys,24.86,4.04,1
1415,233,Electronics,35.86,4.17,1
1416,180,Toys,82.4,5.0,0
1417,58,Beauty,42.39,3.94,1
1418,77,Electronics,35.98,4.36,1
1419,264,Beauty,27.23,3.58,1
1420,26,Sports,44.86,4.08,1
1421,116,Beauty,72.18,4.11,1
1422,189,Beauty,36.06,4.15,1
1423,148,Sports,16.4,5.0,1
1424,315,Beauty,15.09,4.35,1
1425,312,Sports,34.79,3.53,0
1426,176,Home,60.37,3.25,1
1427,198,Home,35.95,3.53,1
1428,114,Sports,24.83,5.0,1
1429,236,Electronics,37.97,3.43,1
1430,149,Toys,32.75,4.89,1
1431,195,Electronics,36.08,4.48,1
1432,54,Toys,53.12,4.31,0
1433,84,Beauty,58.6,3.78,1
1434,27,Sports,25.46,4.23,1
1435,246,Beauty,35.49,4.15,1
1436,280,Beauty,80.41,3.55,1
1437,61,Beauty,54.47,5.0,1
1438,152,Home,25.69,4.91,1
1439,188,Beauty,93.2,3.92,1
1440,200,Home,6.0,4.99,0
1441,189,Home,31.17,3.75,1
1442,281,Electronics,60.61,4.56,1
1443,104,Toys,19.23,4.04,1
1444,207,Toys,54.53,4.62,1
1445,132,Home,44.3,4.37,1
1446,127,Electronics,30.75,3.68,1
1447,270,Sports,51.44,4.77,1
1448,59,Home,79.35,4.5,1
1449,2,Home,51.83,3.72,1
1450,100,Home,6.0,4.51,0
1451,162,Home,44.34,4.33,1
1452,115,Toys,56.16,3.66,1
1453,161,Electronics,30.08,3.87,1
1454,294,Electronics,15.96,4.63,1
1455,316,Beauty,39.18,4.36,1
1456,119,Home,44.07,4.15,1
1457,226,Beauty,6.0,4.55,1
1458,45,Toys,34.72,4.74,1
1459,59,Electronics,18.47,3.53,1
1460,172,Sports,63.53,3.84,1
1461,61,Sports,63.31,4.48,0
1462,96,Toys,18.39,4.16,1
1463,104,Electronics,19.22,3.75,0
1464,166,Beauty,19.57,4.88,1
1465,230,Home,16.89,4.47,1
1466,251,Beauty,50.13,4.26,1
1467,79,Home,30.07,4.49,1
1468,294,Toys,27.91,3.99,1
1469,146,Home,57.19,3.85,1
1470,47,Sports,6.0,3.49,1
1471,55,Sports,38.13,2.99,1
1472,236,Beauty,29.42,4.33,1
1473,188,Toys,25.13,3.77,1
1474,127,Electronics,62.13,3.12,1
1475,283,Toys,9.08,4.91,1
1476,290,Electronics,20.87,4.37,1
1477,168,Electronics,50.58,3.61,1
1478,265,Electronics,25.63,4.37,1
1479,66,Home,64.23,4.54,1
1480,48,Electronics,25.14,4.82,1
1481,38,Home,6.0,3.73,1
1482,305,Electronics,21.35,3.8,1
1483,23,Sports,94.43,4.02,1
1484,123,Electronics,32.66,3.57,1
1485,79,Sports,32.27,5.0,1
1486,56,Electronics,26.06,4.26,1
1487,12,Sports,39.76,4.59,1
1488,175,Sports,67.27,4.84,1
1489,18,Toys,31.15,3.66,1
1490,262,Electronics,22.72,4.26,1
1491,272,Beauty,12.1,3.81,1
1492,240,Sports,51.2,4.47,0
1493,145,Home,50.11,4.07,1
1494,48,Toys,21.64,4.92,1
1495,184,Electronics,65.83,3.59,1
1496,209,Beauty,12.07,2.94,1
1497,158,Home,39.53,5.0,1
1498,160,Electronics,30.83,4.18,1
1499,317,Home,63.48,3.82,1
1500,49,Electronics,65.46,4.03,0
1501,264,Sports,36.04,3.51,1
1502,250,Electronics,6.49,4.34,1
1503,124,Home,67.04,3.9,0
1504,153,Electronics,24.8,4.58,1
1505,54,Electronics,57.51,3.73,1
1506,152,Home,45.26,3.7,1
1507,142,Beauty,58.35,4.93,1
1508,25,Toys,69.58,3.67,0
1509,83,Home,43.52,4.33,1
1510,295,Beauty,50.96,3.58,1
1511,86,Home,65.13,3.68,1
1512,119,Electronics,26.07,4.08,0
1513,290,Electronics,30.87,3.83,1
1514,147,Sports,17.49,3.93,1
1515,24,Beauty,18.55,4.3,1
1516,84,Home,42.74,3.36,1
1517,216,Electronics,38.9,5.0,1
1518,46,Toys,39.77,5.0,1
1519,130,Electronics,16.61,3.72,1
1520,91,Electronics,29.12,3.33,1
1521,293,Electronics,42.4,3.66,0
1522,108,Beauty,41.85,4.26,1
1523,273,Beauty,34.81,3.68,1
1524,305,Sports,51.66,3.81,1
1525,219,Beauty,50.64,3.96,1
1526,140,Electronics,42.73,3.13,1
1527,153,Home,24.4,4.07,1
1528,56,Electronics,27.94,4.44,1
1529,86,Home,41.89,3.98,1
1530,315,Beauty,32.83,3.49,1
1531,43,Sports,70.75,4.61,1
1532,268,Beauty,38.65,4.78,1
1533,170,Beauty,65.12,3.99,1
1534,294,Toys,35.56,4.38,1
1535,149,Beauty,28.12,4.26,1
1536,134,Electronics,39.99,5.0,1
1537,73,Home,44.39,3.71,0
1538,163,Sports,6.0,4.89,1
1539,297,Toys,75.91,4.66,1
1540,164,Toys,54.18,4.39,1
1541,79,Home,6.0,4.4,1
1542,100,Electronics,29.77,4.17,1
1543,312,Electronics,12.3,3.67,1
1544,249,Sports,21.03,4.29,1
1545,226,Toys,38.18,4.86,0
1546,133,Home,69.87,4.25,1
1547,167,Home,66.01,3.95,1
1548,295,Home,71.2,3.37,1
1549,70,Home,33.26,4.34,1
1550,151,Home,46.88,3.63,1
1551,9,Sports,45.02,4.27,1
1552,91,Sports,46.1,4.37,1
1553,200,Toys,27.16,4.43,0
1554,266,Beauty,41.04,3.26,0
1555,95,Electronics,68.51,4.48,1
1556,33,Beauty,77.76,3.5,1
1557,264,Home,67.41,4.24,1
1558,138,Beauty,31.18,4.37,1
1559,248,Toys,42.87,3.69,1
1560,62,Beauty,35.22,4.09,1
1561,151,Home,19.14,3.96,1
1562,195,Toys,70.89,4.14,0
1563,170,Electronics,48.01,3.19,1
1564,36,Home,6.0,3.97,0
1565,29,Electronics,54.14,5.0,1
1566,223,Electronics,90.07,4.51,1
1567,116,Sports,68.3,3.9,1
1568,41,Electronics,27.86,3.66,1
1569,259,Beauty,57.35,4.43,1
1570,285,Electronics,35.24,4.42,1
1571,177,Beauty,60.05,3.77,0
1572,141,Electronics,24.2,4.19,1
1573,181,Toys,44.08,3.76,1
1574,233,Electronics,58.01,3.86,1
1575,106,Sports,102.05,4.22,1
1576,298,Toys,22.29,3.73,0
1577,63,Home,6.75,4.21,1
1578,273,Sports,50.89,3.31,1
1579,195,Sports,12.85,3.28,1
1580,243,Sports,29.83,4.06,1
1581,102,Beauty,53.8,4.34,0
1582,234,Home,43.42,3.73,1
1583,319,Electronics,39.36,4.63,1
1584,72,Electronics,33.11,4.84,1
1585,61,Sports,76.01,4.13,1
1586,253,Home,32.61,4.31,1
1587,103,Sports,37.54,4.62,1
1588,15,Sports,44.38,5.0,1
1589,276,Toys,7.69,4.54,1
1590,76,Sports,56.74,5.0,1
1591,307,Sports,38.09,4.79,1
1592,223,Sports,24.84,3.75,1
1593,317,Toys,26.99,4.36,0
1594,302,Toys,18.51,3.81,1
1595,176,Sports,52.66,4.39,0
1596,277,Electronics,55.32,3.74,1
1597,59,Electronics,47.49,4.5,1
1598,193,Sports,8.85,5.0,1
1599,91,Sports,42.53,3.9,1
1600,24,Toys,43.38,3.76,1
1601,144,Home,59.39,4.11,1
1602,236,Sports,29.81,4.12,1
1603,15,Electronics,68.83,4.28,1
1604,23,Home,56.57,3.83,1
1605,145,Toys,6.0,4.11,1
1606,253,Sports,55.64,4.03,1
1607,29,Sports,31.75,5.0,1
1608,201,Sports,6.0,4.8,1
1609,112,Beauty,8.56,4.29,1
1610,211,Toys,71.16,4.36,1
1611,150,Sports,69.79,4.62,1
1612,204,Electronics,46.45,3.37,1
1613,31,Beauty,58.57,3.35,1
1614,84,Sports,26.02,3.88,1
1615,294,Electronics,25.82,4.8,1
1616,252,Home,28.36,3.84,1
1617,25,Home,8.72,4.39,1
1618,319,Home,58.2,4.26,1
1619,69,Electronics,34.59,4.08,1
1620,103,Toys,6.0,3.94,0
1621,283,Electronics,54.45,4.45,1
1622,186,Home,24.94,4.2,1
1623,248,Toys,45.69,3.83,1
1624,125,Beauty,55.55,4.19,1
1625,225,Sports,76.42,4.07,1
1626,83,Beauty,20.96,4.04,1
1627,295,Electronics,35.95,5.0,1
1628,109,Home,25.78,3.45,1
1629,218,Sports,6.76,4.76,1
1630,52,Beauty,38.27,4.29,1
1631,143,Sports,68.25,3.82,1
1632,44,Beauty,57.02,4.8,1
1633,71,Electronics,61.13,3.83,1
1634,129,Toys,48.12,3.76,1
1635,112,Home,85.29,5.0,1
1636,96,Sports,59.44,4.05,1
1637,40,Home,62.56,4.97,1
1638,75,Sports,18.75,3.83,1
1639,260,Beauty,79.48,4.34,1
1640,307,Sports,51.12,3.87,1
1641,188,Toys,55.56,3.51,0
1642,98,Sports,50.78,4.89,1
1643,303,Sports,74.39,4.51,1
1644,189,Sports,51.54,4.82,1
1645,219,Sports,54.85,5.0,1
1646,63,Sports,61.01,4.1,1
1647,141,Home,8.05,4.44,1
1648,63,Home,41.37,4.46,1
1649,316,Electronics,65.97,3.85,1
1650,211,Electronics,62.15,4.56,1
1651,264,Toys,12.37,4.59,1
1652,4,Beauty,41.93,4.16,1
1653,161,Home,17.82,4.57,1
1654,268,Electronics,42.94,4.21,1
1655,224,Toys,70.88,5.0,1
1656,242,Sports,42.11,4.11,1
1657,271,Beauty,72.41,3.53,1
1658,255,Electronics,82.18,4.02,1
1659,58,Toys,46.61,4.24,1
1660,280,Sports,55.39,3.89,1
1661,252,Home,47.49,4.86,1
1662,132,Toys,50.54,4.6,1
1663,95,Beauty,6.0,5.0,1
1664,164,Beauty,48.79,4.38,1
1665,77,Sports,16.35,4.8,1
1666,74,Toys,20.76,3.7,1
1667,54,Toys,25.64,3.79,1
1668,178,Electronics,37.38,4.0,1
1669,45,Home,13.26,4.13,0
1670,247,Sports,39.19,4.6,1
1671,296,Electronics,45.12,4.89,1
1672,233,Toys,65.96,4.12,1
1673,72,Electronics,72.74,4.72,1
1674,222,Beauty,38.52,4.66,1
1675,312,Home,52.21,4.06,1
1676,268,Toys,6.0,4.38,1
1677,267,Home,17.02,3.87,1
1678,182,Home,72.22,4.03,1
1679,213,Electronics,62.88,4.29,1
1680,112,Electronics,51.21,3.22,1
1681,248,Electronics,6.0,3.81,1
1682,70,Sports,24.99,4.02,1
1683,68,Sports,47.9,3.62,1
1684,19,Toys,51.22,4.27,1
1685,264,Home,74.9,4.36,1
1686,215,Sports,44.27,4.03,0
1687,93,Electronics,62.12,4.56,1
1688,68,Toys,36.57,4.35,1
1689,224,Beauty,63.98,3.53,1
1690,137,Home,28.49,4.75,1
1691,293,Sports,13.51,4.19,1
1692,272,Sports,54.96,4.15,1
1693,34,Beauty,35.53,4.69,1
1694,295,Sports,101.67,3.72,1
1695,30,Toys,27.04,4.26,1
1696,18,Toys,68.25,5.0,0
1697,21,Toys,51.92,4.42,1
1698,209,Sports,42.61,3.83,1
1699,267,Beauty,68.44,3.61,1
1700,301,Electronics,55.3,4.75,1
1701,282,Beauty,24.82,4.54,0
1702,157,Toys,34.74,3.95,1
1703,153,Electronics,16.81,5.0,1
1704,308,Sports,44.52,4.42,1
1705,310,Electronics,19.35,4.07,1
1706,317,Electronics,30.76,4.4,1
1707,242,Toys,72.81,3.85,1
1708,283,Toys,6.0,3.53,1
1709,32,Home,14.54,4.9,1
1710,245,Home,38.38,3.82,0
1711,260,Home,38.96,4.32,1
1712,38,Toys,31.48,3.53,1
1713,152,Electronics,8.85,3.37,1
1714,154,Electronics,79.23,5.0,1
1715,216,Electronics,73.34,4.57,0
1716,36,Beauty,35.14,3.12,1
1717,233,Beauty,9.73,5.0,1
1718,106,Home,25.02,4.63,1
1719,129,Sports,43.22,4.71,1
1720,114,Toys,24.67,4.78,1
1721,181,Beauty,22.79,4.35,1
1722,201,Electronics,52.21,3.51,1
1723,312,Beauty,40.45,3.76,1
1724,224,Beauty,72.53,3.88,1
1725,298,Sports,25.29,4.55,1
1726,71,Electronics,13.7,3.71,1
1727,278,Electronics,57.91,4.35,1
1728,109,Sports,31.73,3.37,1
1729,28,Electronics,7.17,4.55,1
1730,313,Beauty,31.37,4.68,1
1731,103,Sports,27.35,3.72,1
1732,138,Beauty,46.57,4.53,1
1733,81,Home,16.05,5.0,1
1734,66,Beauty,43.99,4.55,1
1735,26,Beauty,78.25,3.28,1
1736,299,Electronics,60.37,3.23,1
1737,288,Toys,40.0,5.0,1
1738,31,Electronics,63.47,4.62,1
1739,165,Sports,99.76,3.42,1
1740,219,Home,6.0,3.42,1
1741,220,Home,52.47,4.5,1
1742,259,Beauty,53.66,3.66,1
1743,149,Home,77.22,4.44,1
1744,98,Toys,57.64,4.95,1
1745,273,Sports,32.02,3.96,0
1746,264,Beauty,40.64,5.0,1
1747,188,Electronics,82.18,3.1,1
1748,255,Electronics,6.0,4.81,1
1749,182,Sports,6.0,4.32,1
1750,279,Home,39.59,4.25,1
1751,111,Toys,26.03,4.87,1
1752,73,Toys,54.07,3.6,0
1753,61,Home,38.1,4.83,0
1754,200,Sports,6.0,4.1,1
1755,86,Beauty,58.58,4.1,1
1756,189,Sports,32.94,2.97,1
1757,159,Electronics,94.58,4.48,0
1758,200,Beauty,6.58,4.2,1
1759,123,Beauty,61.11,4.35,0
1760,48,Home,12.37,3.69,1
1761,239,Electronics,47.39,4.56,1
1762,192,Electronics,20.02,4.31,1
1763,294,Electronics,83.04,4.23,1
1764,313,Beauty,35.88,3.77,1
1765,253,Toys,33.64,4.38,1
1766,240,Electronics,35.36,4.47,1
1767,198,Sports,36.3,4.33,1
1768,226,Electronics,6.0,4.42,1
1769,222,Sports,50.65,4.75,1
1770,51,Toys,36.97,4.0,1
1771,274,Electronics,66.44,3.76,1
1772,76,Electronics,10.71,4.07,1
1773,277,Sports,36.02,2.99,1
1774,278,Beauty,24.09,3.67,1
1775,152,Beauty,8.52,3.1,1
1776,250,Beauty,38.66,4.06,1
1777,287,Beauty,59.5,4.71,1
1778,6,Beauty,45.6,4.41,1
1779,137,Electronics,11.66,3.4,1
1780,211,Home,57.06,2.56,1
1781,2,Home,36.18,3.69,1
1782,14,Sports,9.16,3.09,1
1783,108,Home,46.28,4.75,1
1784,124,Beauty,48.05,3.92,1
1785,56,Sports,20.86,4.63,1
1786,231,Beauty,50.77,5.0,1
1787,279,Home,33.56,4.64,1
1788,278,Electronics,85.05,3.92,1
1789,194,Home,34.71,3.53,1
1790,56,Electronics,37.03,3.66,1
1791,72,Toys,50.3,3.93,1
1792,211,Home,41.57,4.51,0
1793,257,Electronics,50.73,4.5,1
1794,137,Beauty,84.2,3.84,1
1795,128,Toys,21.26,3.9,1
1796,70,Toys,24.0,4.41,1
1797,42,Electronics,66.05,4.08,1
1798,150,Home,6.0,4.16,0
1799,69,Beauty,85.72,4.09,0
1800,73,Beauty,18.22,3.71,1
